mahs,makh,ngaylap,ngaysinh,sdt
HS0001,12/26/2017,KH0001
HS0002,01/03/2019,KH0002
HS0003,02/06/2021,KH0003
HS0004,12/27/2019,KH0004
HS0005,10/02/2019,KH0005
HS0006,02/02/2017,KH0006
HS0007,11/14/2017,KH0007
HS0008,11/23/2015,KH0008
HS0009,06/24/2019,KH0009
HS0010,12/08/2016,KH0010
HS0011,07/11/2020,KH0011
HS0012,09/25/2018,KH0012
HS0013,12/17/2015,KH0013
HS0014,10/01/2016,KH0014
HS0015,06/23/2018,KH0015
HS0016,02/09/2019,KH0016
HS0017,06/23/2017,KH0017
HS0018,04/25/2015,KH0018
HS0019,10/14/2018,KH0019
HS0020,07/03/2015,KH0020
HS0021,06/06/2021,KH0021
HS0022,01/28/2017,KH0022
HS0023,10/04/2017,KH0023
HS0024,11/25/2020,KH0024
HS0025,04/18/2015,KH0025
HS0026,01/30/2016,KH0026
HS0027,01/03/2021,KH0027
HS0028,02/06/2017,KH0028
HS0029,04/23/2015,KH0029
HS0030,04/14/2020,KH0030
HS0031,05/14/2016,KH0031
HS0032,02/07/2019,KH0032
HS0033,01/16/2019,KH0033
HS0034,06/23/2021,KH0034
HS0035,09/01/2020,KH0035
HS0036,01/01/2015,KH0036
HS0037,03/28/2018,KH0037
HS0038,09/04/2015,KH0038
HS0039,09/04/2016,KH0039
HS0040,04/19/2016,KH0040
HS0041,05/02/2019,KH0041
HS0042,12/10/2018,KH0042
HS0043,07/15/2017,KH0043
HS0044,08/27/2015,KH0044
HS0045,11/03/2021,KH0045
HS0046,07/29/2020,KH0046
HS0047,01/29/2017,KH0047
HS0048,02/18/2020,KH0048
HS0049,04/03/2018,KH0049
HS0050,09/08/2018,KH0050
HS0051,11/25/2021,KH0051
HS0052,05/15/2018,KH0052
HS0053,05/14/2017,KH0053
HS0054,02/17/2017,KH0054
HS0055,05/03/2020,KH0055
HS0056,06/27/2017,KH0056
HS0057,11/21/2018,KH0057
HS0058,03/31/2019,KH0058
HS0059,09/01/2019,KH0059
HS0060,08/08/2017,KH0060
HS0061,01/26/2019,KH0061
HS0062,01/15/2015,KH0062
HS0063,03/16/2016,KH0063
HS0064,05/13/2017,KH0064
HS0065,08/30/2016,KH0065
HS0066,09/04/2018,KH0066
HS0067,01/27/2017,KH0067
HS0068,01/15/2018,KH0068
HS0069,07/16/2020,KH0069
HS0070,06/21/2015,KH0070
HS0071,06/12/2015,KH0071
HS0072,02/06/2020,KH0072
HS0073,01/19/2020,KH0073
HS0074,07/29/2015,KH0074
HS0075,02/13/2016,KH0075
HS0076,05/04/2020,KH0076
HS0077,04/21/2018,KH0077
HS0078,05/10/2018,KH0078
HS0079,07/22/2017,KH0079
HS0080,08/26/2016,KH0080
HS0081,06/13/2020,KH0081
HS0082,10/21/2015,KH0082
HS0083,12/26/2016,KH0083
HS0084,04/07/2018,KH0084
HS0085,03/31/2016,KH0085
HS0086,09/25/2016,KH0086
HS0087,01/21/2016,KH0087
HS0088,07/28/2017,KH0088
HS0089,06/10/2018,KH0089
HS0090,08/09/2019,KH0090
HS0091,05/29/2015,KH0091
HS0092,09/03/2021,KH0092
HS0093,09/27/2017,KH0093
HS0094,07/28/2019,KH0094
HS0095,05/07/2021,KH0095
HS0096,10/16/2021,KH0096
HS0097,02/18/2017,KH0097
HS0098,08/13/2018,KH0098
HS0099,03/15/2018,KH0099
HS0100,09/23/2016,KH0100